{
	"curves":
	[
		{
			"label": "A circle",
			"data_points":
			{
				"x":
				[
					1,
					0.8660254037844387,
					0.5000000000000001,
					6.123233995736766e-17,
					-0.4999999999999998,
					-0.8660254037844385,
													-1,
					-0.8660254037844386,
					-0.4999999999999996,
					-1.83697019872103e-16,
					0.5000000000000001,
					0.8660254037844384,
					1
				],
				"y":
				[
					0,
					0.4999999999999999,
					0.8660254037844386,
					1,
					0.8660254037844387,
					0.5000000000000003,
					1.224646799147353e-16,
					-0.5000000000000001,
					-0.8660254037844388,
					-1,
					-0.8660254037844386,
					-0.5000000000000004,
					-2.449293598294706e-16
				]
			}
		}
	],
	"axes_config":
	{
		"ratio": "scaled",
		"x":
		{
			"limits":
			{
				"min": -1.2,
				"max": 1.2
			}
		},
		"y":
		{
			"limits":
			{
				"min": -1.2,
				"max": 1.2
			}
		}
	}
}